Area Code,Name,Geography,"All
Estimate","United Kingdom
Estimate","European Union
Estimate","Middle East & Central Asia
Estimate","East Asia
Estimate","South Asia
Estimate","South East Asia
Estimate","Sub-Saharan Africa
Estimate","North Africa
Estimate","North America
Estimate","Central and South America
Estimate","Oceania
Estimate",
K02000001,UNITED KINGDOM,Country,"66,329,000 ","56,689,000 ","3,511,000 ","372,000 ","364,000 ","1,754,000 ","407,000 ","1,516,000 ","140,000 ","366,000 ","547,000 ","248,000 ",
E92000001,ENGLAND,Country,"55,944,000 ","47,164,000 ","3,084,000 ","328,000 ","339,000 ","1,667,000 ","360,000 ","1,428,000 ","125,000 ","316,000 ","526,000 ","223,000 ",
E12000001,NORTH EAST,Region,"2,620,000 ","2,465,000 ","56,000 ","12,000 ","6,000 ","20,000 ","10,000 ","26,000 ","9,000 ","4,000 ","3,000 ","3,000 ",
E06000047,County Durham [Note 7],Unitary Authority,"519,000 ","505,000 ","8,000 ",No contacts,Confidential,"1,000 ","1,000 ","4,000 ",No contacts,Confidential,No contacts,Confidential,
E06000005,Darlington,Unitary Authority,"105,000 ","98,000 ","4,000 ",Confidential,No contacts,Rounds to 0,No contacts,"2,000 ",No contacts,Confidential,Confidential,Confidential,
E06000001,Hartlepool,Unitary Authority,"92,000 ","89,000 ","2,000 ",Rounds to 0,Confidential,Rounds to 0,Confidential,Confidential,No contacts,No contacts,Rounds to 0,No contacts,
E06000002,Middlesbrough,Unitary Authority,"139,000 ","123,000 ","4,000 ","2,000 ",Confidential,"4,000 ",Confidential,"4,000 ","1,000 ",Confidential,No contacts,Rounds to 0,
E06000057,Northumberland [Note 8],Unitary Authority,"311,000 ","305,000 ","3,000 ","1,000 ",Confidential,No contacts,Confidential,Confidential,No contacts,Confidential,No contacts,Confidential,
E06000003,Redcar and Cleveland,Unitary Authority,"134,000 ","130,000 ","2,000 ",No contacts,Confidential,Confidential,Confidential,"1,000 ",Confidential,No contacts,Confidential,Confidential,
E06000004,Stockton-on-Tees,Unitary Authority,"195,000 ","183,000 ","3,000 ","1,000 ","1,000 ","3,000 ",Confidential,"3,000 ",No contacts,Confidential,No contacts,Confidential,
E11000007,Tyne and Wear (Met County),Metropolitan County,"1,124,000 ","1,034,000 ","30,000 ","8,000 ","4,000 ","12,000 ","9,000 ","11,000 ","8,000 ","2,000 ","3,000 ","2,000 ",
E08000037,Gateshead,Metropolitan District,"202,000 ","187,000 ","8,000 ","1,000 ","1,000 ","1,000 ",No contacts,"1,000 ",Confidential,Confidential,Confidential,Confidential,
E08000021,Newcastle upon Tyne,Metropolitan District,"296,000 ","244,000 ","13,000 ","6,000 ","3,000 ","9,000 ","4,000 ","6,000 ","7,000 ","1,000 ","2,000 ","1,000 ",
E08000022,North Tyneside,Metropolitan District,"204,000 ","194,000 ","3,000 ",Confidential,No contacts,Confidential,"4,000 ","1,000 ",Confidential,No contacts,No contacts,Confidential,
E08000023,South Tyneside,Metropolitan District,"148,000 ","142,000 ","2,000 ",Rounds to 0,Confidential,"1,000 ",No contacts,"2,000 ",Confidential,No contacts,Confidential,No contacts,
E08000024,Sunderland,Metropolitan District,"275,000 ","268,000 ","3,000 ",Rounds to 0,No contacts,"1,000 ","1,000 ","1,000 ",Confidential,Confidential,No contacts,No contacts,
E12000002,NORTH WEST,Region,"7,233,000 ","6,502,000 ","260,000 ","47,000 ","23,000 ","152,000 ","22,000 ","116,000 ","21,000 ","22,000 ","25,000 ","15,000 ",
E06000008,Blackburn with Darwen,Unitary Authority,"146,000 ","124,000 ","5,000 ","1,000 ",Confidential,"13,000 ",No contacts,"3,000 ",Confidential,Confidential,Confidential,Confidential,
E06000009,Blackpool,Unitary Authority,"134,000 ","128,000 ","4,000 ",Confidential,No contacts,"1,000 ","1,000 ",Rounds to 0,No contacts,Confidential,Confidential,No contacts,
E06000049,Cheshire East [Note 9],Unitary Authority,"376,000 ","344,000 ","20,000 ","1,000 ",No contacts,Confidential,No contacts,"2,000 ",Confidential,Confidential,"1,000 ","5,000 ",
E06000050,Cheshire West and Chester [Note 10],Unitary Authority,"336,000 ","312,000 ","16,000 ",Confidential,Confidential,Confidential,Confidential,Confidential,No contacts,Confidential,"1,000 ",Confidential,
E06000006,Halton,Unitary Authority,"127,000 ","123,000 ","3,000 ",No contacts,No contacts,Confidential,Confidential,"1,000 ",No contacts,Confidential,Confidential,Confidential,
E06000007,Warrington,Unitary Authority,"210,000 ","190,000 ","11,000 ",Confidential,Confidential,"1,000 ","1,000 ","3,000 ",No contacts,Confidential,Confidential,"1,000 ",
E10000006,Cumbria,County,"486,000 ","460,000 ","11,000 ","3,000 ",No contacts,Confidential,"2,000 ","6,000 ",No contacts,"1,000 ",Confidential,Confidential,
E07000026,Allerdale,Non-metropolitan District,"95,000 ","92,000 ","2,000 ",Confidential,No contacts,No contacts,No contacts,Confidential,No contacts,Confidential,Confidential,No contacts,
E07000027,Barrow-in-Furness,Non-metropolitan District,"65,000 ","61,000 ",Confidential,No contacts,No contacts,No contacts,Confidential,"2,000 ",No contacts,No contacts,No contacts,Confidential,
E07000028,Carlisle,Non-metropolitan District,"107,000 ","102,000 ","2,000 ",Confidential,No contacts,Confidential,Confidential,Confidential,No contacts,No contacts,No contacts,No contacts,
E07000029,Copeland,Non-metropolitan District,"66,000 ","62,000 ","3,000 ",No contacts,No contacts,No contacts,Confidential,No contacts,No contacts,Confidential,No contacts,No contacts,
E07000030,Eden,Non-metropolitan District,"52,000 ","49,000 ",Confidential,No contacts,No contacts,No contacts,No contacts,Confidential,No contacts,No contacts,No contacts,No contacts,
E07000031,South Lakeland,Non-metropolitan District,"100,000 ","94,000 ","4,000 ",Confidential,No contacts,No contacts,Confidential,"1,000 ",No contacts,No contacts,Confidential,Confidential,
E11000001,Greater Manchester (Met County),Metropolitan County,"2,819,000 ","2,414,000 ","117,000 ","32,000 ","14,000 ","106,000 ","10,000 ","75,000 ","12,000 ","10,000 ","11,000 ","3,000 ",
E08000001,Bolton,Metropolitan District,"286,000 ","245,000 ","10,000 ","3,000 ","2,000 ","15,000 ","1,000 ","8,000 ",No contacts,Confidential,Confidential,No contacts,
E08000002,Bury,Metropolitan District,"188,000 ","171,000 ","6,000 ","1,000 ",Confidential,"4,000 ",Confidential,"2,000 ",Confidential,"2,000 ",Confidential,Confidential,
E08000003,Manchester,Metropolitan District,"558,000 ","410,000 ","31,000 ","12,000 ","5,000 ","41,000 ","4,000 ","36,000 ","5,000 ","3,000 ","5,000 ",Confidential,
E08000004,Oldham,Metropolitan District,"236,000 ","210,000 ","7,000 ",Confidential,No contacts,"9,000 ","1,000 ","6,000 ",No contacts,Confidential,Confidential,No contacts,
E08000005,Rochdale,Metropolitan District,"217,000 ","193,000 ","8,000 ",Confidential,No contacts,"9,000 ",No contacts,"4,000 ","1,000 ",Confidential,No contacts,No contacts,
E08000006,Salford,Metropolitan District,"255,000 ","204,000 ","21,000 ","7,000 ","3,000 ","4,000 ","2,000 ","8,000 ","2,000 ","2,000 ",Confidential,No contacts,
E08000007,Stockport,Metropolitan District,"292,000 ","272,000 ","8,000 ",Confidential,"1,000 ","6,000 ",Confidential,"2,000 ",Confidential,"1,000 ",Confidential,Confidential,
E08000008,Tameside,Metropolitan District,"224,000 ","206,000 ","6,000 ",Confidential,Confidential,"6,000 ",No contacts,"2,000 ",No contacts,Confidential,"2,000 ",Confidential,
E08000009,Trafford,Metropolitan District,"239,000 ","201,000 ","13,000 ","4,000 ","2,000 ","9,000 ","1,000 ","2,000 ","3,000 ","1,000 ","1,000 ","1,000 ",
E08000010,Wigan,Metropolitan District,"324,000 ","301,000 ","9,000 ","3,000 ",No contacts,"3,000 ","1,000 ","6,000 ",No contacts,No contacts,Confidential,No contacts,
E10000017,Lancashire,County,"1,187,000 ","1,101,000 ","23,000 ","1,000 ","4,000 ","16,000 ","5,000 ","15,000 ","6,000 ","3,000 ","5,000 ","3,000 ",
E07000117,Burnley,Non-metropolitan District,"86,000 ","81,000 ","3,000 ",No contacts,No contacts,No contacts,No contacts,No contacts,No contacts,No contacts,No contacts,No contacts,
E07000118,Chorley,Non-metropolitan District,"116,000 ","112,000 ","2,000 ",No contacts,No contacts,No contacts,Confidential,No contacts,No contacts,Confidential,No contacts,No contacts,
E07000119,Fylde,Non-metropolitan District,"78,000 ","75,000 ","3,000 ",No contacts,No contacts,No contacts,Confidential,No contacts,No contacts,No contacts,No contacts,No contacts,
E07000120,Hyndburn,Non-metropolitan District,"79,000 ","77,000 ",Confidential,No contacts,No contacts,Confidential,Confidential,No contacts,No contacts,No contacts,No contacts,No contacts,
E07000121,Lancaster,Non-metropolitan District,"140,000 ","133,000 ",Confidential,No contacts,No contacts,"2,000 ",No contacts,Confidential,Confidential,No contacts,No contacts,Confidential,
E07000122,Pendle,Non-metropolitan District,"90,000 ","79,000 ",Confidential,Confidential,Confidential,Confidential,No contacts,"5,000 ",No contacts,No contacts,Confidential,No contacts,
E07000123,Preston,Non-metropolitan District,"138,000 ","109,000 ","3,000 ",Confidential,Confidential,"9,000 ","1,000 ","4,000 ","6,000 ",Confidential,Confidential,No contacts,
E07000124,Ribble Valley,Non-metropolitan District,"58,000 ","55,000 ","2,000 ",Confidential,No contacts,No contacts,No contacts,Confidential,No contacts,No contacts,No contacts,No contacts,
E07000125,Rossendale,Non-metropolitan District,"70,000 ","67,000 ","2,000 ",No contacts,No contacts,No contacts,Confidential,No contacts,No contacts,Confidential,No contacts,No contacts,
E07000126,South Ribble,Non-metropolitan District,"110,000 ","106,000 ","2,000 ",No contacts,No contacts,No contacts,Confidential,Confidential,No contacts,Confidential,No contacts,No contacts,
E07000127,West Lancashire,Non-metropolitan District,"112,000 ","101,000 ","3,000 ",No contacts,Confidential,No contacts,No contacts,"2,000 ",No contacts,No contacts,Confidential,Confidential,
E07000128,Wyre,Non-metropolitan District,"110,000 ","105,000 ",Confidential,No contacts,Confidential,"2,000 ",Confidential,No contacts,No contacts,No contacts,No contacts,Confidential,
E11000002,Merseyside (Met County),Metropolitan County,"1,412,000 ","1,308,000 ","50,000 ","7,000 ","4,000 ","12,000 ","4,000 ","10,000 ","2,000 ","6,000 ","5,000 ","1,000 ",
E08000011,Knowsley,Metropolitan District,"148,000 ","138,000 ","5,000 ",Confidential,Rounds to 0,"1,000 ","1,000 ","1,000 ",No contacts,Rounds to 0,"1,000 ",No contacts,
E08000012,Liverpool,Metropolitan District,"494,000 ","436,000 ","25,000 ","6,000 ","1,000 ","8,000 ","1,000 ","6,000 ","1,000 ","3,000 ","4,000 ",Confidential,
E08000014,Sefton,Metropolitan District,"271,000 ","258,000 ","7,000 ",Confidential,Rounds to 0,"2,000 ",Confidential,"1,000 ","1,000 ","1,000 ",Confidential,Rounds to 0,
E08000013,St. Helens,Metropolitan District,"179,000 ","170,000 ","4,000 ",Confidential,"1,000 ",Rounds to 0,"2,000 ","1,000 ",No contacts,"1,000 ",No contacts,Confidential,
E08000015,Wirral,Metropolitan District,"319,000 ","305,000 ","9,000 ",Rounds to 0,"1,000 ","1,000 ",Confidential,"2,000 ",No contacts,"1,000 ",Confidential,Rounds to 0,
E12000003,YORKSHIRE AND THE HUMBER,Region,"5,435,000 ","4,911,000 ","203,000 ","21,000 ","14,000 ","121,000 ","16,000 ","81,000 ","8,000 ","13,000 ","21,000 ","8,000 ",
E06000011,East Riding of Yorkshire,Unitary Authority,"333,000 ","318,000 ","8,000 ","1,000 ",Confidential,"1,000 ",Confidential,"1,000 ",Confidential,Confidential,Confidential,"1,000 ",
E06000010,"Kingston upon Hull, City of",Unitary Authority,"258,000 ","246,000 ","4,000 ","2,000 ",Confidential,Confidential,Confidential,Confidential,"2,000 ",Confidential,Confidential,No contacts,
E06000012,North East Lincolnshire,Unitary Authority,"157,000 ","150,000 ","4,000 ",No contacts,Confidential,"1,000 ",Confidential,"2,000 ",Confidential,No contacts,Confidential,Confidential,
E06000013,North Lincolnshire,Unitary Authority,"171,000 ","154,000 ","10,000 ","1,000 ","1,000 ","2,000 ",Confidential,Confidential,No contacts,No contacts,Confidential,Confidential,
E06000014,York,Unitary Authority,"208,000 ","184,000 ","8,000 ",Confidential,"1,000 ","4,000 ","3,000 ","4,000 ",Confidential,"1,000 ","1,000 ",No contacts,
E10000023,North Yorkshire,County,"598,000 ","566,000 ","13,000 ","2,000 ",No contacts,"3,000 ",Confidential,"5,000 ",No contacts,"3,000 ","2,000 ","2,000 ",
E07000163,Craven,Non-metropolitan District,"56,000 ","52,000 ",Confidential,No contacts,No contacts,No contacts,Confidential,Confidential,No contacts,No contacts,No contacts,No contacts,
E07000164,Hambleton,Non-metropolitan District,"89,000 ","84,000 ","2,000 ",No contacts,No contacts,Confidential,No contacts,Confidential,No contacts,Confidential,No contacts,Confidential,
E07000165,Harrogate,Non-metropolitan District,"156,000 ","143,000 ","5,000 ","2,000 ",No contacts,"3,000 ",No contacts,Confidential,No contacts,"3,000 ",Confidential,Confidential,
E07000166,Richmondshire,Non-metropolitan District,"49,000 ","45,000 ",Confidential,No contacts,No contacts,No contacts,No contacts,Confidential,No contacts,No contacts,Confidential,Confidential,
E07000167,Ryedale,Non-metropolitan District,"54,000 ","53,000 ",No contacts,No contacts,No contacts,No contacts,No contacts,Confidential,No contacts,No contacts,No contacts,No contacts,
E07000168,Scarborough,Non-metropolitan District,"106,000 ","102,000 ","3,000 ",No contacts,No contacts,No contacts,No contacts,Confidential,No contacts,Confidential,No contacts,No contacts,
E07000169,Selby,Non-metropolitan District,"89,000 ","86,000 ",Confidential,No contacts,No contacts,No contacts,No contacts,Confidential,No contacts,No contacts,Confidential,Confidential,
E11000003,South Yorkshire (Met County),Metropolitan County,"1,396,000 ","1,247,000 ","77,000 ","4,000 ","4,000 ","16,000 ","4,000 ","32,000 ","1,000 ","4,000 ","2,000 ",Confidential,
E08000016,Barnsley,Metropolitan District,"247,000 ","229,000 ","15,000 ",No contacts,No contacts,"1,000 ",No contacts,Confidential,No contacts,"1,000 ",No contacts,No contacts,
E08000017,Doncaster,Metropolitan District,"304,000 ","281,000 ","14,000 ",Confidential,Confidential,"1,000 ",Confidential,"4,000 ",Confidential,Confidential,Confidential,No contacts,
E08000018,Rotherham,Metropolitan District,"263,000 ","249,000 ","7,000 ",Confidential,Confidential,"2,000 ",Confidential,"2,000 ",Confidential,No contacts,No contacts,Confidential,
E08000019,Sheffield,Metropolitan District,"582,000 ","488,000 ","40,000 ","3,000 ","3,000 ","12,000 ","4,000 ","24,000 ",Confidential,"2,000 ",Confidential,No contacts,
E11000006,West Yorkshire (Met County),Metropolitan County,"2,314,000 ","2,046,000 ","79,000 ","10,000 ","6,000 ","94,000 ","6,000 ","38,000 ","3,000 ","4,000 ","15,000 ","4,000 ",
E08000032,Bradford,Metropolitan District,"532,000 ","457,000 ","18,000 ","5,000 ",No contacts,"38,000 ",Confidential,"9,000 ",No contacts,Confidential,Confidential,Confidential,
E08000033,Calderdale,Metropolitan District,"210,000 ","195,000 ","9,000 ",No contacts,Confidential,"4,000 ",No contacts,"1,000 ",No contacts,Confidential,Confidential,Confidential,
E08000034,Kirklees,Metropolitan District,"440,000 ","386,000 ","10,000 ","1,000 ",Confidential,"29,000 ",Confidential,"2,000 ","3,000 ",Confidential,Confidential,No contacts,
E08000035,Leeds,Metropolitan District,"792,000 ","697,000 ","30,000 ","3,000 ","3,000 ","14,000 ","3,000 ","20,000 ",No contacts,"3,000 ","13,000 ","3,000 ",
E08000036,Wakefield,Metropolitan District,"341,000 ","311,000 ","13,000 ",No contacts,Confidential,"8,000 ","1,000 ","6,000 ",No contacts,No contacts,Confidential,No contacts,
E12000004,EAST MIDLANDS,Region,"4,779,000 ","4,177,000 ","255,000 ","10,000 ","14,000 ","133,000 ","11,000 ","107,000 ","7,000 ","14,000 ","20,000 ","6,000 ",
E06000015,Derby,Unitary Authority,"259,000 ","214,000 ","20,000 ","2,000 ",No contacts,"11,000 ","1,000 ","6,000 ",Confidential,"1,000 ","1,000 ",No contacts,
E06000016,Leicester,Unitary Authority,"359,000 ","232,000 ","29,000 ",Confidential,No contacts,"53,000 ",No contacts,"34,000 ","2,000 ","2,000 ","2,000 ",No contacts,
E06000018,Nottingham,Unitary Authority,"327,000 ","247,000 ","26,000 ","4,000 ","2,000 ","13,000 ","1,000 ","23,000 ","2,000 ",Confidential,"5,000 ",No contacts,
E06000017,Rutland,Unitary Authority,"36,000 ","33,000 ","1,000 ",No contacts,No contacts,Confidential,"1,000 ",Confidential,No contacts,Confidential,Confidential,Rounds to 0,
E10000007,Derbyshire,County,"787,000 ","755,000 ","16,000 ",Confidential,Confidential,"6,000 ",Confidential,"4,000 ",No contacts,"1,000 ",Confidential,"2,000 ",
E07000032,Amber Valley,Non-metropolitan District,"125,000 ","119,000 ","4,000 ",No contacts,No contacts,No contacts,No contacts,No contacts,No contacts,Confidential,No contacts,Confidential,
E07000033,Bolsover,Non-metropolitan District,"79,000 ","78,000 ",No contacts,No contacts,No contacts,No contacts,No contacts,Confidential,No contacts,No contacts,No contacts,No contacts,
E07000034,Chesterfield,Non-metropolitan District,"104,000 ","94,000 ","4,000 ",No contacts,Confidential,"4,000 ",No contacts,Confidential,No contacts,No contacts,No contacts,No contacts,
E07000035,Derbyshire Dales,Non-metropolitan District,"70,000 ","68,000 ",Confidential,No contacts,No contacts,No contacts,Confidential,Confidential,No contacts,Confidential,No contacts,No contacts,
E07000036,Erewash,Non-metropolitan District,"116,000 ","112,000 ","3,000 ",No contacts,No contacts,No contacts,No contacts,No contacts,No contacts,No contacts,No contacts,Confidential,
E07000037,High Peak,Non-metropolitan District,"91,000 ","89,000 ","1,000 ",Confidential,No contacts,No contacts,No contacts,Confidential,No contacts,No contacts,Confidential,No contacts,
E07000038,North East Derbyshire,Non-metropolitan District,"100,000 ","97,000 ",Confidential,No contacts,No contacts,No contacts,Confidential,Confidential,No contacts,No contacts,No contacts,Confidential,
E07000039,South Derbyshire,Non-metropolitan District,"103,000 ","97,000 ","2,000 ",No contacts,No contacts,"2,000 ",No contacts,Confidential,No contacts,Confidential,No contacts,Confidential,
E10000018,Leicestershire,County,"693,000 ","613,000 ","36,000 ",Confidential,"3,000 ","15,000 ","2,000 ","11,000 ",No contacts,Confidential,"8,000 ","2,000 ",
E07000129,Blaby,Non-metropolitan District,"100,000 ","92,000 ","3,000 ",No contacts,No contacts,Confidential,Confidential,"4,000 ",No contacts,No contacts,Confidential,No contacts,
E07000130,Charnwood,Non-metropolitan District,"183,000 ","155,000 ","9,000 ",No contacts,No contacts,"7,000 ",Confidential,"3,000 ",No contacts,No contacts,"5,000 ",No contacts,
E07000131,Harborough,Non-metropolitan District,"92,000 ","80,000 ","6,000 ",No contacts,No contacts,"3,000 ",No contacts,"3,000 ",No contacts,No contacts,No contacts,Confidential,
E07000132,Hinckley and Bosworth,Non-metropolitan District,"112,000 ","109,000 ",Confidential,No contacts,No contacts,Confidential,No contacts,No contacts,No contacts,No contacts,Confidential,Confidential,
E07000133,Melton,Non-metropolitan District,"51,000 ","47,000 ","3,000 ",Confidential,Confidential,Confidential,No contacts,No contacts,No contacts,No contacts,No contacts,No contacts,
E07000134,North West Leicestershire,Non-metropolitan District,"101,000 ","92,000 ","5,000 ",No contacts,Confidential,No contacts,Confidential,Confidential,No contacts,Confidential,"1,000 ",Confidential,
E07000135,Oadby and Wigston,Non-metropolitan District,"55,000 ","37,000 ","10,000 ",No contacts,"2,000 ","4,000 ",No contacts,Confidential,No contacts,No contacts,No contacts,No contacts,
E10000019,Lincolnshire,County,"750,000 ","692,000 ","35,000 ",No contacts,"4,000 ","4,000 ","2,000 ","6,000 ",No contacts,"5,000 ",Confidential,"1,000 ",
E07000136,Boston,Non-metropolitan District,"68,000 ","59,000 ","6,000 ",No contacts,Confidential,No contacts,No contacts,No contacts,No contacts,No contacts,No contacts,No contacts,
E07000137,East Lindsey,Non-metropolitan District,"137,000 ","135,000 ",Confidential,No contacts,No contacts,No contacts,No contacts,No contacts,No contacts,Confidential,No contacts,No contacts,
E07000138,Lincoln,Non-metropolitan District,"96,000 ","79,000 ","14,000 ",No contacts,No contacts,No contacts,Confidential,No contacts,No contacts,Confidential,No contacts,No contacts,
E07000139,North Kesteven,Non-metropolitan District,"115,000 ","108,000 ","2,000 ",No contacts,Confidential,Confidential,Confidential,Confidential,No contacts,Confidential,No contacts,No contacts,
E07000140,South Holland,Non-metropolitan District,"94,000 ","88,000 ","2,000 ",No contacts,No contacts,Confidential,Confidential,"2,000 ",No contacts,No contacts,Confidential,No contacts,
E07000141,South Kesteven,Non-metropolitan District,"144,000 ","132,000 ","7,000 ",No contacts,No contacts,Confidential,Confidential,"3,000 ",No contacts,No contacts,No contacts,"1,000 ",
E07000142,West Lindsey,Non-metropolitan District,"95,000 ","91,000 ","3,000 ",No contacts,Confidential,Confidential,No contacts,No contacts,No contacts,No contacts,No contacts,No contacts,
E10000021,Northamptonshire,County,"749,000 ","630,000 ","56,000 ","1,000 ","2,000 ","25,000 ",Confidential,"16,000 ","3,000 ","3,000 ","2,000 ","1,000 ",
E07000150,Corby,Non-metropolitan District,"73,000 ","58,000 ","12,000 ",No contacts,No contacts,Confidential,No contacts,No contacts,No contacts,No contacts,No contacts,No contacts,
E07000151,Daventry,Non-metropolitan District,"81,000 ","76,000 ",Confidential,"1,000 ",No contacts,"2,000 ",No contacts,Confidential,No contacts,No contacts,No contacts,Confidential,
E07000152,East Northamptonshire,Non-metropolitan District,"92,000 ","87,000 ","3,000 ",No contacts,No contacts,No contacts,No contacts,"2,000 ",No contacts,Confidential,No contacts,Confidential,
E07000153,Kettering,Non-metropolitan District,"102,000 ","89,000 ","5,000 ",No contacts,Confidential,"3,000 ",No contacts,"3,000 ",Confidential,No contacts,No contacts,No contacts,
E07000154,Northampton,Non-metropolitan District,"230,000 ","166,000 ","27,000 ",No contacts,"1,000 ","16,000 ",Confidential,"8,000 ",Confidential,"2,000 ","2,000 ",Confidential,
E07000155,South Northamptonshire,Non-metropolitan District,"92,000 ","84,000 ","2,000 ",No contacts,No contacts,"3,000 ",No contacts,"2,000 ",Confidential,Confidential,No contacts,No contacts,
E07000156,Wellingborough,Non-metropolitan District,"80,000 ","70,000 ","7,000 ",No contacts,Confidential,No contacts,Confidential,Confidential,No contacts,No contacts,Confidential,No contacts,
E10000024,Nottinghamshire,County,"819,000 ","760,000 ","34,000 ",Confidential,"3,000 ","8,000 ","1,000 ","7,000 ",Confidential,"2,000 ","2,000 ",No contacts,
E07000170,Ashfield,Non-metropolitan District,"127,000 ","121,000 ","4,000 ",No contacts,No contacts,Confidential,No contacts,Confidential,No contacts,No contacts,No contacts,No contacts,
E07000171,Bassetlaw,Non-metropolitan District,"113,000 ","108,000 ","4,000 ",No contacts,No contacts,No contacts,No contacts,Confidential,No contacts,No contacts,No contacts,No contacts,
E07000172,Broxtowe,Non-metropolitan District,"113,000 ","102,000 ","4,000 ",Confidential,Confidential,Confidential,Confidential,"2,000 ",Confidential,No contacts,No contacts,No contacts,
E07000173,Gedling,Non-metropolitan District,"119,000 ","112,000 ","4,000 ",No contacts,"1,000 ","1,000 ",No contacts,No contacts,No contacts,Confidential,Confidential,No contacts,
E07000174,Mansfield,Non-metropolitan District,"109,000 ","101,000 ","5,000 ",No contacts,No contacts,Confidential,No contacts,Confidential,No contacts,Confidential,No contacts,No contacts,
E07000175,Newark and Sherwood,Non-metropolitan District,"121,000 ","115,000 ","5,000 ",No contacts,Confidential,No contacts,No contacts,No contacts,No contacts,No contacts,No contacts,No contacts,
E07000176,Rushcliffe,Non-metropolitan District,"116,000 ","100,000 ","8,000 ",No contacts,Confidential,"4,000 ",Confidential,"2,000 ",No contacts,Confidential,Confidential,No contacts,
E12000005,WEST MIDLANDS,Region,"5,872,000 ","5,030,000 ","276,000 ","34,000 ","28,000 ","232,000 ","25,000 ","146,000 ","5,000 ","20,000 ","44,000 ","7,000 ",
E06000019,"Herefordshire, County of",Unitary Authority,"190,000 ","173,000 ","8,000 ",Rounds to 0,Confidential,"1,000 ","1,000 ","4,000 ",No contacts,"2,000 ",Rounds to 0,"1,000 ",
E06000051,Shropshire [Note 11],Unitary Authority,"311,000 ","291,000 ","9,000 ",Confidential,No contacts,Confidential,"1,000 ","3,000 ",Confidential,"4,000 ","1,000 ",Confidential,
E06000021,Stoke-on-Trent,Unitary Authority,"254,000 ","225,000 ","12,000 ","3,000 ",Confidential,"6,000 ","2,000 ","4,000 ","1,000 ",No contacts,"1,000 ",No contacts,
E06000020,Telford and Wrekin,Unitary Authority,"176,000 ","156,000 ","7,000 ","1,000 ","1,000 ","6,000 ",Confidential,"5,000 ",No contacts,"1,000 ",No contacts,No contacts,
E10000028,Staffordshire,County,"860,000 ","806,000 ","20,000 ",Confidential,"4,000 ","10,000 ","5,000 ","6,000 ",No contacts,"4,000 ",Confidential,Confidential,
E07000192,Cannock Chase,Non-metropolitan District,"98,000 ","90,000 ",Confidential,Confidential,Confidential,"3,000 ",No contacts,No contacts,No contacts,Confidential,No contacts,No contacts,
E07000193,East Staffordshire,Non-metropolitan District,"116,000 ","103,000 ","8,000 ",No contacts,No contacts,Confidential,Confidential,Confidential,No contacts,Confidential,No contacts,Confidential,
E07000194,Lichfield,Non-metropolitan District,"102,000 ","97,000 ",Confidential,No contacts,No contacts,"2,000 ","1,000 ",No contacts,No contacts,No contacts,No contacts,No contacts,
E07000195,Newcastle-under-Lyme,Non-metropolitan District,"129,000 ","124,000 ","3,000 ",No contacts,No contacts,Confidential,Confidential,No contacts,No contacts,No contacts,No contacts,No contacts,
E07000196,South Staffordshire,Non-metropolitan District,"110,000 ","108,000 ",Confidential,Confidential,No contacts,Confidential,No contacts,No contacts,No contacts,No contacts,No contacts,No contacts,
E07000197,Stafford,Non-metropolitan District,"132,000 ","119,000 ","3,000 ",No contacts,"3,000 ","2,000 ",Confidential,"3,000 ",No contacts,Confidential,Confidential,No contacts,
E07000198,Staffordshire Moorlands,Non-metropolitan District,"97,000 ","92,000 ",Confidential,No contacts,Confidential,Confidential,Confidential,Confidential,No contacts,No contacts,No contacts,No contacts,
E07000199,Tamworth,Non-metropolitan District,"76,000 ","74,000 ",Confidential,No contacts,No contacts,No contacts,No contacts,Confidential,No contacts,No contacts,No contacts,No contacts,
E10000031,Warwickshire,County,"560,000 ","491,000 ","33,000 ","2,000 ",Confidential,"15,000 ","2,000 ","6,000 ",No contacts,"1,000 ","4,000 ",Confidential,
E07000218,North Warwickshire,Non-metropolitan District,"63,000 ","61,000 ","2,000 ",No contacts,No contacts,No contacts,No contacts,No contacts,No contacts,No contacts,No contacts,No contacts,
E07000219,Nuneaton and Bedworth,Non-metropolitan District,"129,000 ","111,000 ","8,000 ",No contacts,Confidential,"6,000 ",Confidential,Confidential,No contacts,No contacts,No contacts,Confidential,
E07000220,Rugby,Non-metropolitan District,"106,000 ","92,000 ","5,000 ",Confidential,No contacts,"5,000 ",No contacts,"1,000 ",No contacts,No contacts,Confidential,Confidential,
E07000221,Stratford-on-Avon,Non-metropolitan District,"123,000 ","111,000 ","7,000 ",Confidential,No contacts,Confidential,"1,000 ","2,000 ",No contacts,Confidential,No contacts,No contacts,
E07000222,Warwick,Non-metropolitan District,"139,000 ","116,000 ","11,000 ",Confidential,Confidential,"4,000 ",Confidential,"1,000 ",No contacts,Confidential,"3,000 ",No contacts,
E11000005,West Midlands (Met County),Metropolitan County,"2,936,000 ","2,363,000 ","152,000 ","25,000 ","20,000 ","191,000 ","12,000 ","112,000 ","4,000 ","6,000 ","35,000 ","2,000 ",
E08000025,Birmingham,Metropolitan District,"1,153,000 ","862,000 ","64,000 ","17,000 ","11,000 ","101,000 ","4,000 ","57,000 ",Confidential,"4,000 ","21,000 ",Confidential,
E08000026,Coventry,Metropolitan District,"376,000 ","281,000 ","29,000 ","1,000 ","4,000 ","24,000 ","4,000 ","23,000 ",Confidential,"1,000 ","3,000 ",Confidential,
E08000027,Dudley,Metropolitan District,"317,000 ","305,000 ","4,000 ",No contacts,No contacts,"6,000 ",Confidential,"1,000 ",No contacts,Confidential,Confidential,No contacts,
E08000028,Sandwell,Metropolitan District,"330,000 ","260,000 ","25,000 ","4,000 ","2,000 ","19,000 ","3,000 ","13,000 ",No contacts,No contacts,"5,000 ",No contacts,
E08000029,Solihull,Metropolitan District,"214,000 ","190,000 ","13,000 ",Confidential,"2,000 ","6,000 ",Confidential,"3,000 ",No contacts,Confidential,Confidential,Confidential,
E08000030,Walsall,Metropolitan District,"284,000 ","254,000 ","9,000 ","2,000 ",Confidential,"13,000 ",Confidential,"3,000 ",No contacts,Confidential,Confidential,No contacts,
E08000031,Wolverhampton,Metropolitan District,"261,000 ","212,000 ","8,000 ",Confidential,No contacts,"21,000 ",Confidential,"12,000 ",No contacts,Confidential,"5,000 ",Confidential,
E10000034,Worcestershire,County,"585,000 ","524,000 ","36,000 ",Confidential,"2,000 ","3,000 ","2,000 ","6,000 ",No contacts,"2,000 ","2,000 ","2,000 ",
E07000234,Bromsgrove,Non-metropolitan District,"96,000 ","92,000 ","3,000 ",No contacts,No contacts,Confidential,Confidential,No contacts,No contacts,No contacts,No contacts,No contacts,
E07000235,Malvern Hills,Non-metropolitan District,"76,000 ","66,000 ","5,000 ",No contacts,Confidential,No contacts,Confidential,"1,000 ",No contacts,No contacts,No contacts,"2,000 ",
E07000236,Redditch,Non-metropolitan District,"85,000 ","72,000 ","6,000 ",No contacts,Confidential,No contacts,No contacts,"4,000 ",No contacts,No contacts,Confidential,No contacts,
E07000237,Worcester,Non-metropolitan District,"103,000 ","87,000 ","13,000 ",No contacts,Confidential,No contacts,No contacts,Confidential,No contacts,No contacts,No contacts,Confidential,
E07000238,Wychavon,Non-metropolitan District,"126,000 ","117,000 ","4,000 ",No contacts,"1,000 ",Confidential,No contacts,Confidential,No contacts,"2,000 ",Confidential,No contacts,
E07000239,Wyre Forest,Non-metropolitan District,"100,000 ","89,000 ","6,000 ",Confidential,No contacts,"2,000 ",Confidential,No contacts,No contacts,No contacts,Confidential,No contacts,
E12000006,EAST,Region,"6,238,000 ","5,426,000 ","373,000 ","18,000 ","26,000 ","112,000 ","31,000 ","119,000 ","8,000 ","30,000 ","41,000 ","18,000 ",
E06000055,Bedford [Note 12],Unitary Authority,"174,000 ","148,000 ","14,000 ",No contacts,No contacts,"6,000 ",Confidential,"2,000 ",No contacts,Confidential,"2,000 ",No contacts,
E06000056,Central Bedfordshire [Note 13],Unitary Authority,"291,000 ","256,000 ","16,000 ",Confidential,"1,000 ","4,000 ",Confidential,"10,000 ",No contacts,No contacts,"2,000 ",Confidential,
E06000032,Luton,Unitary Authority,"222,000 ","145,000 ","30,000 ","2,000 ","1,000 ","24,000 ","2,000 ","10,000 ",Confidential,Confidential,"6,000 ","1,000 ",
E06000031,Peterborough,Unitary Authority,"203,000 ","160,000 ","25,000 ","1,000 ","1,000 ","5,000 ","1,000 ","5,000 ",Confidential,"1,000 ","1,000 ","1,000 ",
E06000033,Southend-on-Sea,Unitary Authority,"184,000 ","165,000 ","7,000 ","1,000 ","1,000 ","4,000 ","1,000 ","3,000 ",Confidential,Rounds to 0,"1,000 ","1,000 ",
E06000034,Thurrock,Unitary Authority,"176,000 ","137,000 ","21,000 ","2,000 ","1,000 ","3,000 ","1,000 ","7,000 ",Confidential,Rounds to 0,"1,000 ",Confidential,
E10000003,Cambridgeshire,County,"649,000 ","545,000 ","50,000 ","2,000 ","7,000 ","3,000 ","4,000 ","19,000 ",No contacts,"7,000 ","2,000 ","2,000 ",
E07000008,Cambridge,Non-metropolitan District,"121,000 ","77,000 ","18,000 ",No contacts,"3,000 ","1,000 ",Confidential,"12,000 ",No contacts,"4,000 ",Confidential,"1,000 ",
E07000009,East Cambridgeshire,Non-metropolitan District,"90,000 ","81,000 ","2,000 ",No contacts,No contacts,No contacts,"1,000 ","4,000 ",No contacts,Confidential,No contacts,No contacts,
E07000010,Fenland,Non-metropolitan District,"101,000 ","90,000 ","9,000 ",No contacts,No contacts,No contacts,No contacts,No contacts,No contacts,No contacts,No contacts,No contacts,
E07000011,Huntingdonshire,Non-metropolitan District,"177,000 ","161,000 ","7,000 ",Confidential,Confidential,No contacts,Confidential,"2,000 ",No contacts,"2,000 ",Confidential,Confidential,
E07000012,South Cambridgeshire,Non-metropolitan District,"159,000 ","135,000 ","14,000 ","1,000 ","3,000 ","2,000 ",Confidential,"1,000 ",No contacts,Confidential,Confidential,Confidential,
E10000012,Essex,County,"1,488,000 ","1,370,000 ","52,000 ",Confidential,"3,000 ","16,000 ","6,000 ","19,000 ",Confidential,"1,000 ","9,000 ","3,000 ",
E07000066,Basildon,Non-metropolitan District,"190,000 ","169,000 ","5,000 ",No contacts,No contacts,"4,000 ","1,000 ","5,000 ",No contacts,"1,000 ","4,000 ",No contacts,
E07000067,Braintree,Non-metropolitan District,"152,000 ","143,000 ","5,000 ",No contacts,No contacts,"2,000 ",Confidential,Confidential,Confidential,No contacts,Confidential,No contacts,
E07000068,Brentwood,Non-metropolitan District,"78,000 ","75,000 ",Confidential,No contacts,No contacts,Confidential,No contacts,Confidential,No contacts,No contacts,No contacts,No contacts,
E07000069,Castle Point,Non-metropolitan District,"90,000 ","89,000 ",Confidential,No contacts,No contacts,No contacts,Confidential,No contacts,No contacts,No contacts,No contacts,No contacts,
E07000070,Chelmsford,Non-metropolitan District,"177,000 ","163,000 ","8,000 ",No contacts,"2,000 ","2,000 ",Confidential,Confidential,No contacts,No contacts,Confidential,Confidential,
E07000071,Colchester,Non-metropolitan District,"194,000 ","176,000 ","8,000 ",No contacts,Confidential,"3,000 ",Confidential,"2,000 ",No contacts,No contacts,Confidential,Confidential,
E07000072,Epping Forest,Non-metropolitan District,"133,000 ","120,000 ","4,000 ",Confidential,No contacts,"2,000 ",No contacts,"3,000 ",No contacts,No contacts,Confidential,No contacts,
E07000073,Harlow,Non-metropolitan District,"88,000 ","67,000 ","10,000 ",No contacts,Confidential,"1,000 ",No contacts,"5,000 ",No contacts,No contacts,"2,000 ",Confidential,
E07000074,Maldon,Non-metropolitan District,"64,000 ","58,000 ","5,000 ",No contacts,No contacts,No contacts,No contacts,Confidential,No contacts,No contacts,No contacts,No contacts,
E07000075,Rochford,Non-metropolitan District,"87,000 ","85,000 ",Confidential,No contacts,No contacts,No contacts,Confidential,Confidential,No contacts,Confidential,No contacts,No contacts,
E07000076,Tendring,Non-metropolitan District,"146,000 ","142,000 ",Confidential,No contacts,No contacts,No contacts,Confidential,Confidential,No contacts,No contacts,Confidential,No contacts,
E07000077,Uttlesford,Non-metropolitan District,"89,000 ","81,000 ","5,000 ",No contacts,Confidential,Confidential,Confidential,"1,000 ",No contacts,Confidential,No contacts,No contacts,
E10000015,Hertfordshire,County,"1,202,000 ","992,000 ","87,000 ","6,000 ","5,000 ","34,000 ","10,000 ","26,000 ","5,000 ","8,000 ","13,000 ","5,000 ",
E07000095,Broxbourne,Non-metropolitan District,"99,000 ","84,000 ","7,000 ",No contacts,No contacts,Confidential,No contacts,"2,000 ",No contacts,Confidential,"2,000 ",No contacts,
E07000096,Dacorum,Non-metropolitan District,"155,000 ","132,000 ","13,000 ",No contacts,No contacts,Confidential,"2,000 ","4,000 ",Confidential,Confidential,Confidential,"2,000 ",
E07000242,East Hertfordshire,Non-metropolitan District,"150,000 ","131,000 ","7,000 ",Confidential,"2,000 ","2,000 ",Confidential,Confidential,Confidential,Confidential,"4,000 ",Confidential,
E07000098,Hertsmere,Non-metropolitan District,"104,000 ","76,000 ","11,000 ","2,000 ",No contacts,"5,000 ","2,000 ","4,000 ",Confidential,"2,000 ",No contacts,No contacts,
E07000099,North Hertfordshire,Non-metropolitan District,"135,000 ","122,000 ","6,000 ",No contacts,Confidential,"2,000 ",No contacts,"1,000 ",Confidential,No contacts,"2,000 ","1,000 ",
E07000240,St Albans [Note 14],Non-metropolitan District,"149,000 ","126,000 ","11,000 ","2,000 ","1,000 ",Confidential,"1,000 ","3,000 ",Confidential,"1,000 ","2,000 ",Rounds to 0,
E07000243,Stevenage,Non-metropolitan District,"89,000 ","76,000 ","8,000 ",No contacts,No contacts,"1,000 ",Confidential,Confidential,No contacts,Confidential,No contacts,No contacts,
E07000102,Three Rivers,Non-metropolitan District,"95,000 ","74,000 ","11,000 ",No contacts,No contacts,"6,000 ",No contacts,"4,000 ",No contacts,Confidential,No contacts,No contacts,
E07000103,Watford,Non-metropolitan District,"100,000 ","63,000 ","8,000 ","2,000 ","1,000 ","16,000 ","2,000 ","2,000 ",Confidential,"2,000 ","2,000 ",Confidential,
E07000241,Welwyn Hatfield [Note 15],Non-metropolitan District,"126,000 ","108,000 ","6,000 ",Confidential,No contacts,Confidential,Confidential,"5,000 ",Confidential,No contacts,No contacts,No contacts,
E10000020,Norfolk,County,"898,000 ","828,000 ","38,000 ","2,000 ",No contacts,"6,000 ","2,000 ","13,000 ",Confidential,"2,000 ","2,000 ","5,000 ",
E07000143,Breckland,Non-metropolitan District,"138,000 ","134,000 ","3,000 ",No contacts,No contacts,No contacts,No contacts,"2,000 ",No contacts,No contacts,No contacts,No contacts,
E07000144,Broadland,Non-metropolitan District,"127,000 ","122,000 ","2,000 ",No contacts,No contacts,Confidential,"1,000 ",No contacts,No contacts,Confidential,Confidential,Confidential,
E07000145,Great Yarmouth,Non-metropolitan District,"99,000 ","94,000 ","2,000 ",No contacts,No contacts,No contacts,No contacts,"3,000 ",No contacts,No contacts,No contacts,No contacts,
E07000146,King's Lynn and West Norfolk,Non-metropolitan District,"152,000 ","139,000 ","11,000 ",No contacts,No contacts,"1,000 ",No contacts,"1,000 ",No contacts,No contacts,No contacts,No contacts,
E07000147,North Norfolk,Non-metropolitan District,"102,000 ","99,000 ","2,000 ",No contacts,No contacts,No contacts,No contacts,"1,000 ",No contacts,No contacts,No contacts,Confidential,
E07000148,Norwich,Non-metropolitan District,"142,000 ","115,000 ","11,000 ",No contacts,No contacts,"4,000 ",No contacts,"5,000 ",Confidential,Confidential,Confidential,"3,000 ",
E07000149,South Norfolk,Non-metropolitan District,"137,000 ","125,000 ","7,000 ","2,000 ",No contacts,No contacts,Confidential,"1,000 ",No contacts,Confidential,No contacts,Confidential,
E10000029,Suffolk,County,"751,000 ","680,000 ","35,000 ",Confidential,"6,000 ","7,000 ","3,000 ","5,000 ",Confidential,"9,000 ","2,000 ","1,000 ",
E07000200,Babergh,Non-metropolitan District,"90,000 ","82,000 ","5,000 ",No contacts,Confidential,No contacts,No contacts,"1,000 ",No contacts,Confidential,No contacts,Confidential,
E07000201,Forest Heath,Non-metropolitan District,"64,000 ","55,000 ","4,000 ",No contacts,Confidential,Confidential,Confidential,No contacts,No contacts,Confidential,No contacts,No contacts,
E07000202,Ipswich,Non-metropolitan District,"140,000 ","125,000 ","6,000 ",Confidential,Confidential,"3,000 ",No contacts,"3,000 ",No contacts,Confidential,Confidential,No contacts,
E07000203,Mid Suffolk,Non-metropolitan District,"101,000 ","97,000 ","2,000 ",No contacts,No contacts,Confidential,Confidential,No contacts,No contacts,Confidential,Confidential,Confidential,
E07000204,St Edmundsbury,Non-metropolitan District,"111,000 ","99,000 ","10,000 ",No contacts,Confidential,No contacts,Confidential,No contacts,No contacts,No contacts,Confidential,No contacts,
E07000205,Suffolk Coastal,Non-metropolitan District,"127,000 ","114,000 ","3,000 ",Confidential,"3,000 ",Confidential,Confidential,Confidential,Confidential,"4,000 ",Confidential,No contacts,
E07000206,Waveney,Non-metropolitan District,"117,000 ","108,000 ","4,000 ",No contacts,No contacts,No contacts,Confidential,Confidential,No contacts,"3,000 ",Confidential,Confidential,
E12000007,LONDON,Region,"9,078,000 ","5,724,000 ","995,000 ","136,000 ","161,000 ","659,000 ","147,000 ","557,000 ","47,000 ","119,000 ","281,000 ","90,000 ",
E13000001,Inner London,Blank cell,"3,651,000 ","2,239,000 ","466,000 ","50,000 ","79,000 ","138,000 ","57,000 ","236,000 ","13,000 ","72,000 ","160,000 ","51,000 ",
E09000007,Camden,London Borough,"263,000 ","137,000 ","44,000 ","4,000 ","12,000 ","8,000 ","6,000 ","19,000 ",Confidential,"8,000 ","5,000 ","4,000 ",
E09000001,City of London [Note 16,London Borough,Not Available,Not Available,Not Available,Not Available,Not Available,Not Available,Not Available,Not Available,Not Available,Not Available,Not Available,Not Available,
E09000012,Hackney,London Borough,"290,000 ","200,000 ","35,000 ",Confidential,Confidential,Confidential,"5,000 ","21,000 ",No contacts,Confidential,"14,000 ","4,000 ",
E09000013,Hammersmith and Fulham,London Borough,"180,000 ","115,000 ","18,000 ","5,000 ","2,000 ","5,000 ","4,000 ","7,000 ","3,000 ","8,000 ","6,000 ",Confidential,
E09000014,Haringey,London Borough,"282,000 ","190,000 ","33,000 ","6,000 ","2,000 ","3,000 ",No contacts,"19,000 ",No contacts,"3,000 ","11,000 ","2,000 ",
E09000019,Islington,London Borough,"243,000 ","166,000 ","30,000 ","3,000 ","6,000 ","5,000 ","3,000 ","9,000 ",Confidential,"4,000 ","8,000 ","6,000 ",
E09000020,Kensington and Chelsea,London Borough,"153,000 ","72,000 ","24,000 ","6,000 ","2,000 ","2,000 ","5,000 ","3,000 ","4,000 ","12,000 ","10,000 ","7,000 ",
E09000022,Lambeth,London Borough,"330,000 ","204,000 ","48,000 ","4,000 ","4,000 ","10,000 ","5,000 ","26,000 ",No contacts,"3,000 ","21,000 ","2,000 ",
E09000023,Lewisham,London Borough,"313,000 ","210,000 ","32,000 ",Confidential,"8,000 ","4,000 ","8,000 ","18,000 ",No contacts,"6,000 ","18,000 ","4,000 ",
E09000025,Newham,London Borough,"363,000 ","205,000 ","38,000 ",Confidential,"5,000 ","33,000 ","6,000 ","30,000 ",No contacts,"5,000 ","16,000 ",Confidential,
E09000028,Southwark,London Borough,"324,000 ","196,000 ","41,000 ","5,000 ","4,000 ","6,000 ","4,000 ","44,000 ",No contacts,"7,000 ","14,000 ",Confidential,
E09000030,Tower Hamlets,London Borough,"328,000 ","199,000 ","53,000 ",No contacts,"8,000 ","41,000 ","2,000 ","6,000 ",Confidential,"3,000 ","9,000 ","2,000 ",
E09000032,Wandsworth,London Borough,"326,000 ","205,000 ","39,000 ","3,000 ","5,000 ","9,000 ","5,000 ","21,000 ",Confidential,"3,000 ","18,000 ","9,000 ",
E09000033,Westminster,London Borough,"255,000 ","140,000 ","32,000 ","8,000 ","16,000 ","8,000 ","4,000 ","14,000 ",Confidential,"10,000 ","11,000 ","5,000 ",
E13000002,Outer London,Blank cell,"5,427,000 ","3,486,000 ","528,000 ","86,000 ","82,000 ","520,000 ","91,000 ","321,000 ","35,000 ","47,000 ","121,000 ","39,000 ",
E09000002,Barking and Dagenham,London Borough,"223,000 ","125,000 ","24,000 ",Confidential,"2,000 ","27,000 ","4,000 ","32,000 ",No contacts,No contacts,"7,000 ",No contacts,
E09000003,Barnet,London Borough,"401,000 ","234,000 ","57,000 ","8,000 ","10,000 ","32,000 ","18,000 ","24,000 ",No contacts,"4,000 ","7,000 ",Confidential,
E09000004,Bexley,London Borough,"254,000 ","188,000 ","23,000 ",No contacts,"4,000 ","12,000 ",No contacts,"19,000 ","2,000 ",Confidential,"4,000 ",No contacts,
E09000005,Brent,London Borough,"332,000 ","163,000 ","28,000 ","18,000 ","3,000 ","62,000 ","5,000 ","26,000 ","6,000 ","3,000 ","14,000 ",Confidential,
E09000006,Bromley,London Borough,"340,000 ","279,000 ","19,000 ","2,000 ","6,000 ","11,000 ","3,000 ","4,000 ",Confidential,"3,000 ","4,000 ","3,000 ",
E09000008,Croydon,London Borough,"394,000 ","260,000 ","41,000 ","3,000 ","2,000 ","30,000 ","3,000 ","21,000 ","4,000 ",Confidential,"17,000 ","4,000 ",
E09000009,Ealing,London Borough,"344,000 ","212,000 ","31,000 ","10,000 ","7,000 ","35,000 ","12,000 ","12,000 ","2,000 ","3,000 ","10,000 ","6,000 ",
E09000010,Enfield,London Borough,"344,000 ","228,000 ","49,000 ",Confidential,Confidential,"12,000 ",Confidential,"28,000 ",No contacts,Confidential,"5,000 ","2,000 ",
E09000011,Greenwich,London Borough,"293,000 ","181,000 ","30,000 ","5,000 ","10,000 ","16,000 ","7,000 ","26,000 ",Confidential,"5,000 ","8,000 ","2,000 ",
E09000015,Harrow,London Borough,"251,000 ","142,000 ","19,000 ","8,000 ","5,000 ","40,000 ","1,000 ","27,000 ",Confidential,Confidential,"3,000 ",Confidential,
E09000016,Havering,London Borough,"265,000 ","221,000 ","19,000 ",No contacts,Confidential,"9,000 ","1,000 ","11,000 ",No contacts,Confidential,Confidential,"1,000 ",
E09000017,Hillingdon,London Borough,"314,000 ","203,000 ","24,000 ","8,000 ","5,000 ","40,000 ","4,000 ","18,000 ","6,000 ",Confidential,Confidential,Confidential,
E09000018,Hounslow,London Borough,"275,000 ","145,000 ","26,000 ","4,000 ","4,000 ","52,000 ","7,000 ","17,000 ","7,000 ",Confidential,"8,000 ","4,000 ",
E09000021,Kingston upon Thames,London Borough,"182,000 ","123,000 ","16,000 ","8,000 ","6,000 ","8,000 ","5,000 ","4,000 ",No contacts,"2,000 ","2,000 ","3,000 ",
E09000024,Merton,London Borough,"210,000 ","125,000 ","24,000 ","3,000 ","6,000 ","10,000 ","5,000 ","11,000 ",No contacts,"6,000 ","10,000 ","3,000 ",
E09000026,Redbridge,London Borough,"315,000 ","179,000 ","22,000 ","2,000 ",No contacts,"78,000 ","3,000 ","17,000 ",No contacts,Confidential,"7,000 ","2,000 ",
E09000027,Richmond upon Thames,London Borough,"200,000 ","139,000 ","16,000 ","5,000 ","2,000 ","8,000 ","3,000 ","4,000 ","2,000 ","7,000 ","6,000 ","4,000 ",
E09000029,Sutton,London Borough,"209,000 ","147,000 ","15,000 ",Confidential,"4,000 ","21,000 ","4,000 ","12,000 ",Confidential,Confidential,"2,000 ",Confidential,
E09000031,Waltham Forest,London Borough,"283,000 ","193,000 ","44,000 ",Confidential,Confidential,"18,000 ","6,000 ","7,000 ",Confidential,"3,000 ","6,000 ",Confidential,
E12000008,SOUTH EAST,Region,"9,120,000 ","7,832,000 ","456,000 ","37,000 ","45,000 ","189,000 ","68,000 ","218,000 ","13,000 ","72,000 ","67,000 ","54,000 ",
E06000036,Bracknell Forest,Unitary Authority,"121,000 ","101,000 ","6,000 ","1,000 ","1,000 ","4,000 ","1,000 ","3,000 ",Rounds to 0,"1,000 ","2,000 ",Confidential,
E06000043,Brighton and Hove,Unitary Authority,"292,000 ","232,000 ","31,000 ","3,000 ","2,000 ","4,000 ","3,000 ","3,000 ","1,000 ","4,000 ","2,000 ","4,000 ",
E06000046,Isle of Wight,Unitary Authority,"137,000 ","129,000 ","5,000 ",Rounds to 0,Confidential,Confidential,Rounds to 0,"1,000 ",Confidential,Confidential,Confidential,"1,000 ",
E06000035,Medway,Unitary Authority,"283,000 ","241,000 ","19,000 ",Confidential,Confidential,"8,000 ",Confidential,"7,000 ",No contacts,"1,000 ","2,000 ","3,000 ",
E06000042,Milton Keynes,Unitary Authority,"275,000 ","211,000 ","22,000 ","2,000 ","1,000 ","14,000 ","1,000 ","15,000 ",Confidential,"3,000 ","3,000 ","1,000 ",
E06000044,Portsmouth,Unitary Authority,"215,000 ","187,000 ","8,000 ",Confidential,"1,000 ","2,000 ","4,000 ","5,000 ","1,000 ","1,000 ","2,000 ",Confidential,
E06000038,Reading,Unitary Authority,"165,000 ","123,000 ","12,000 ",Confidential,"2,000 ","16,000 ","1,000 ","4,000 ",No contacts,"2,000 ","1,000 ","1,000 ",
E06000039,Slough,Unitary Authority,"151,000 ","86,000 ","13,000 ","1,000 ","1,000 ","31,000 ","2,000 ","13,000 ","1,000 ",Confidential,"2,000 ","1,000 ",
E06000045,Southampton,Unitary Authority,"255,000 ","204,000 ","24,000 ","2,000 ","1,000 ","6,000 ","1,000 ","10,000 ",Confidential,"2,000 ","1,000 ","2,000 ",
E06000037,West Berkshire,Unitary Authority,"158,000 ","138,000 ","6,000 ",Confidential,Rounds to 0,"5,000 ","2,000 ","4,000 ",No contacts,"1,000 ","1,000 ","1,000 ",
E06000040,Windsor and Maidenhead,Unitary Authority,"148,000 ","116,000 ","11,000 ","2,000 ",Rounds to 0,"6,000 ","1,000 ","4,000 ",Rounds to 0,"3,000 ","1,000 ","1,000 ",
E06000041,Wokingham,Unitary Authority,"166,000 ","139,000 ","8,000 ","1,000 ","1,000 ","8,000 ","1,000 ","4,000 ","1,000 ","1,000 ","1,000 ","1,000 ",
E10000002,Buckinghamshire,County,"543,000 ","466,000 ","22,000 ","2,000 ","2,000 ","17,000 ","3,000 ","17,000 ",No contacts,"4,000 ","5,000 ","2,000 ",
E07000004,Aylesbury Vale,Non-metropolitan District,"202,000 ","173,000 ","11,000 ",Confidential,Confidential,"5,000 ",No contacts,"8,000 ",No contacts,"2,000 ",Confidential,Confidential,
E07000005,Chiltern,Non-metropolitan District,"95,000 ","85,000 ","3,000 ",Confidential,Confidential,"3,000 ",Confidential,Confidential,No contacts,Confidential,No contacts,"1,000 ",
E07000006,South Bucks,Non-metropolitan District,"70,000 ","62,000 ","2,000 ",Confidential,No contacts,"2,000 ",No contacts,Confidential,No contacts,Confidential,Confidential,Confidential,
E07000007,Wycombe,Non-metropolitan District,"175,000 ","145,000 ","6,000 ",Confidential,"1,000 ","7,000 ","2,000 ","7,000 ",No contacts,Confidential,"4,000 ",Confidential,
E10000011,East Sussex,County,"556,000 ","508,000 ","16,000 ","2,000 ",Confidential,"2,000 ","8,000 ","6,000 ",Confidential,"6,000 ","1,000 ","2,000 ",
E07000061,Eastbourne,Non-metropolitan District,"104,000 ","90,000 ","4,000 ",Confidential,No contacts,Confidential,"3,000 ",Confidential,No contacts,No contacts,Confidential,Confidential,
E07000062,Hastings,Non-metropolitan District,"93,000 ","88,000 ","2,000 ",No contacts,No contacts,Confidential,Confidential,No contacts,No contacts,"1,000 ",Confidential,No contacts,
E07000063,Lewes,Non-metropolitan District,"103,000 ","93,000 ","3,000 ",Confidential,Confidential,Confidential,"3,000 ",No contacts,No contacts,"1,000 ",No contacts,Confidential,
E07000064,Rother,Non-metropolitan District,"94,000 ","86,000 ","3,000 ",No contacts,No contacts,Confidential,"1,000 ","2,000 ",Confidential,"1,000 ",No contacts,No contacts,
E07000065,Wealden,Non-metropolitan District,"161,000 ","151,000 ","4,000 ",Confidential,No contacts,No contacts,No contacts,"3,000 ",No contacts,"2,000 ",Confidential,Confidential,
E10000014,Hampshire,County,"1,369,000 ","1,230,000 ","46,000 ","6,000 ","7,000 ","15,000 ","8,000 ","28,000 ","6,000 ","7,000 ","7,000 ","5,000 ",
E07000084,Basingstoke and Deane,Non-metropolitan District,"178,000 ","161,000 ","5,000 ",Confidential,No contacts,"3,000 ",No contacts,"7,000 ",No contacts,No contacts,"1,000 ",Confidential,
E07000085,East Hampshire,Non-metropolitan District,"118,000 ","105,000 ","5,000 ",No contacts,Confidential,Confidential,Confidential,"2,000 ",Confidential,"1,000 ","1,000 ",No contacts,
E07000086,Eastleigh,Non-metropolitan District,"132,000 ","119,000 ","3,000 ",Confidential,"2,000 ","2,000 ",Confidential,"3,000 ",Confidential,No contacts,Confidential,Confidential,
E07000087,Fareham,Non-metropolitan District,"117,000 ","106,000 ","5,000 ",No contacts,No contacts,"2,000 ",Confidential,"3,000 ",No contacts,Confidential,Confidential,No contacts,
E07000088,Gosport,Non-metropolitan District,"86,000 ","80,000 ",Confidential,No contacts,No contacts,"1,000 ","2,000 ",Confidential,No contacts,No contacts,Confidential,Confidential,
E07000089,Hart,Non-metropolitan District,"94,000 ","77,000 ","7,000 ",No contacts,Confidential,"4,000 ",Confidential,"4,000 ",No contacts,Confidential,Confidential,No contacts,
E07000090,Havant,Non-metropolitan District,"125,000 ","116,000 ","5,000 ",No contacts,Confidential,No contacts,Confidential,Confidential,No contacts,Confidential,Confidential,No contacts,
E07000091,New Forest,Non-metropolitan District,"178,000 ","164,000 ","3,000 ",Confidential,"2,000 ",No contacts,No contacts,"2,000 ","4,000 ",No contacts,Confidential,"2,000 ",
E07000092,Rushmoor,Non-metropolitan District,"94,000 ","80,000 ","4,000 ","2,000 ",No contacts,"2,000 ",Confidential,"3,000 ",No contacts,Confidential,Confidential,No contacts,
E07000093,Test Valley,Non-metropolitan District,"125,000 ","110,000 ","8,000 ","3,000 ",Confidential,Confidential,Confidential,"1,000 ",No contacts,Confidential,No contacts,Confidential,
E07000094,Winchester,Non-metropolitan District,"123,000 ","112,000 ","2,000 ",No contacts,Confidential,No contacts,No contacts,"2,000 ",Confidential,"3,000 ",Confidential,"1,000 ",
E10000016,Kent,County,"1,568,000 ","1,404,000 ","62,000 ","7,000 ","2,000 ","15,000 ","10,000 ","25,000 ",No contacts,"8,000 ","7,000 ","12,000 ",
E07000105,Ashford,Non-metropolitan District,"130,000 ","115,000 ","5,000 ","3,000 ",No contacts,Confidential,Confidential,"3,000 ",No contacts,No contacts,No contacts,Confidential,
E07000106,Canterbury,Non-metropolitan District,"164,000 ","147,000 ","9,000 ",No contacts,Confidential,No contacts,Confidential,"1,000 ",No contacts,Confidential,Confidential,Confidential,
E07000107,Dartford,Non-metropolitan District,"110,000 ","96,000 ",Confidential,No contacts,No contacts,No contacts,No contacts,"7,000 ",No contacts,Confidential,No contacts,Confidential,
E07000108,Dover,Non-metropolitan District,"114,000 ","104,000 ","5,000 ",Confidential,No contacts,Confidential,Confidential,"2,000 ",No contacts,No contacts,Confidential,Confidential,
E07000112,Folkestone and Hythe,Non-metropolitan District,"111,000 ","100,000 ","3,000 ",Confidential,No contacts,Confidential,Confidential,"2,000 ",No contacts,No contacts,Confidential,No contacts,
E07000109,Gravesham,Non-metropolitan District,"109,000 ","84,000 ","10,000 ",Confidential,No contacts,"4,000 ",Confidential,Confidential,No contacts,Confidential,Confidential,No contacts,
E07000110,Maidstone,Non-metropolitan District,"170,000 ","155,000 ","6,000 ",Confidential,No contacts,"5,000 ",Confidential,Confidential,No contacts,No contacts,No contacts,No contacts,
E07000111,Sevenoaks,Non-metropolitan District,"120,000 ","112,000 ","3,000 ",Confidential,No contacts,Confidential,Confidential,"2,000 ",No contacts,"2,000 ",No contacts,No contacts,
E07000113,Swale,Non-metropolitan District,"149,000 ","137,000 ","3,000 ",No contacts,No contacts,"1,000 ","2,000 ","2,000 ",No contacts,No contacts,Confidential,No contacts,
E07000114,Thanet,Non-metropolitan District,"144,000 ","137,000 ","2,000 ",No contacts,No contacts,No contacts,Confidential,Confidential,No contacts,Confidential,No contacts,"2,000 ",
E07000115,Tonbridge and Malling,Non-metropolitan District,"130,000 ","118,000 ",Confidential,No contacts,No contacts,No contacts,Confidential,No contacts,No contacts,Confidential,"3,000 ","5,000 ",
E07000116,Tunbridge Wells,Non-metropolitan District,"116,000 ","99,000 ","11,000 ",No contacts,Confidential,Confidential,"2,000 ",Confidential,No contacts,Confidential,No contacts,Confidential,
E10000025,Oxfordshire,County,"673,000 ","554,000 ","54,000 ","2,000 ","7,000 ","12,000 ","5,000 ","16,000 ",Confidential,"13,000 ","6,000 ","3,000 ",
E07000177,Cherwell,Non-metropolitan District,"146,000 ","123,000 ","12,000 ",Confidential,No contacts,No contacts,"2,000 ","4,000 ",No contacts,"2,000 ","2,000 ",Confidential,
E07000178,Oxford,Non-metropolitan District,"151,000 ","104,000 ","20,000 ",Confidential,Confidential,"7,000 ","2,000 ","5,000 ",No contacts,"6,000 ","2,000 ",No contacts,
E07000179,South Oxfordshire,Non-metropolitan District,"139,000 ","120,000 ","6,000 ",Confidential,Confidential,"3,000 ","1,000 ","4,000 ",No contacts,"1,000 ","2,000 ",No contacts,
E07000180,Vale of White Horse,Non-metropolitan District,"130,000 ","116,000 ","8,000 ",No contacts,No contacts,Confidential,No contacts,"2,000 ",No contacts,"1,000 ",Confidential,"1,000 ",
E07000181,West Oxfordshire,Non-metropolitan District,"107,000 ","91,000 ","7,000 ",No contacts,"4,000 ",Confidential,No contacts,Confidential,Confidential,"2,000 ",No contacts,Confidential,
E10000030,Surrey,County,"1,185,000 ","1,004,000 ","58,000 ","5,000 ","11,000 ","19,000 ","8,000 ","37,000 ",Confidential,"9,000 ","11,000 ","11,000 ",
E07000207,Elmbridge,Non-metropolitan District,"137,000 ","113,000 ","5,000 ","1,000 ","3,000 ","2,000 ","1,000 ","3,000 ",Confidential,"2,000 ","1,000 ","3,000 ",
E07000208,Epsom and Ewell,Non-metropolitan District,"81,000 ","65,000 ","4,000 ",Confidential,"2,000 ","3,000 ",Confidential,"2,000 ",No contacts,Confidential,"2,000 ",Confidential,
E07000209,Guildford,Non-metropolitan District,"148,000 ","119,000 ","11,000 ","2,000 ","3,000 ",Confidential,Confidential,"5,000 ",No contacts,Confidential,Confidential,"3,000 ",
E07000210,Mole Valley,Non-metropolitan District,"87,000 ","76,000 ","3,000 ",No contacts,Confidential,No contacts,No contacts,"5,000 ",No contacts,"1,000 ",Confidential,No contacts,
E07000211,Reigate and Banstead,Non-metropolitan District,"146,000 ","127,000 ","8,000 ",Confidential,Confidential,Confidential,Confidential,"7,000 ",No contacts,No contacts,"2,000 ",Confidential,
E07000212,Runnymede,Non-metropolitan District,"88,000 ","68,000 ","7,000 ",No contacts,No contacts,"5,000 ",No contacts,"5,000 ",No contacts,No contacts,Confidential,Confidential,
E07000213,Spelthorne,Non-metropolitan District,"100,000 ","88,000 ","5,000 ",Confidential,No contacts,"2,000 ",No contacts,"2,000 ",Confidential,No contacts,"2,000 ",No contacts,
E07000214,Surrey Heath,Non-metropolitan District,"88,000 ","76,000 ","5,000 ",No contacts,No contacts,No contacts,No contacts,"3,000 ",No contacts,Confidential,No contacts,No contacts,
E07000215,Tandridge,Non-metropolitan District,"87,000 ","80,000 ","2,000 ",No contacts,No contacts,No contacts,No contacts,No contacts,No contacts,Confidential,No contacts,Confidential,
E07000216,Waverley,Non-metropolitan District,"122,000 ","114,000 ","1,000 ",No contacts,No contacts,Confidential,No contacts,"2,000 ",No contacts,Confidential,No contacts,"2,000 ",
E07000217,Woking,Non-metropolitan District,"101,000 ","78,000 ","7,000 ",No contacts,Confidential,"4,000 ","4,000 ","4,000 ",No contacts,Confidential,Confidential,Confidential,
E10000032,West Sussex,County,"859,000 ","759,000 ","34,000 ","1,000 ","5,000 ","7,000 ","7,000 ","15,000 ",No contacts,"5,000 ","12,000 ","3,000 ",
E07000223,Adur,Non-metropolitan District,"65,000 ","61,000 ","2,000 ",No contacts,No contacts,Confidential,Confidential,No contacts,No contacts,No contacts,No contacts,No contacts,
E07000224,Arun,Non-metropolitan District,"160,000 ","140,000 ","5,000 ",Confidential,Confidential,Confidential,"3,000 ","2,000 ",No contacts,Confidential,"3,000 ",Confidential,
E07000225,Chichester,Non-metropolitan District,"120,000 ","107,000 ","4,000 ",No contacts,"3,000 ",No contacts,Confidential,"1,000 ",No contacts,Confidential,Confidential,Confidential,
E07000226,Crawley,Non-metropolitan District,"114,000 ","92,000 ","9,000 ",No contacts,No contacts,"3,000 ",Confidential,"3,000 ",No contacts,Confidential,"3,000 ",No contacts,
E07000227,Horsham,Non-metropolitan District,"140,000 ","130,000 ","3,000 ",No contacts,No contacts,No contacts,"3,000 ",Confidential,No contacts,"2,000 ",Confidential,No contacts,
E07000228,Mid Sussex,Non-metropolitan District,"150,000 ","127,000 ","11,000 ",Confidential,No contacts,No contacts,Confidential,"4,000 ",No contacts,No contacts,"5,000 ",Confidential,
E07000229,Worthing,Non-metropolitan District,"111,000 ","101,000 ",Confidential,No contacts,Confidential,Confidential,No contacts,"3,000 ",No contacts,No contacts,Confidential,Confidential,
E12000009,SOUTH WEST,Region,"5,571,000 ","5,096,000 ","211,000 ","12,000 ","21,000 ","48,000 ","29,000 ","58,000 ","6,000 ","21,000 ","24,000 ","21,000 ",
E06000022,Bath and North East Somerset,Unitary Authority,"189,000 ","170,000 ","7,000 ","1,000 ","1,000 ","2,000 ","1,000 ","3,000 ",Confidential,"1,000 ","1,000 ","1,000 ",
E06000028,Bournemouth,Unitary Authority,"196,000 ","168,000 ","15,000 ",Confidential,"1,000 ","1,000 ",Confidential,"2,000 ","1,000 ",Rounds to 0,"3,000 ","1,000 ",
E06000023,"Bristol, City of",Unitary Authority,"470,000 ","400,000 ","21,000 ",Confidential,"6,000 ","7,000 ","3,000 ","11,000 ","2,000 ","4,000 ","6,000 ","5,000 ",
E06000052,Cornwall [Note 17],Unitary Authority,"564,000 ","537,000 ","18,000 ",Confidential,Confidential,Confidential,"1,000 ","2,000 ",Confidential,"1,000 ","1,000 ","1,000 ",
E06000053,Isles of Scilly [Note 18],Unitary Authority,Not Available,Not Available,Not Available,Not Available,Not Available,Not Available,Not Available,Not Available,Not Available,Not Available,Not Available,Not Available,
E06000024,North Somerset,Unitary Authority,"215,000 ","198,000 ","9,000 ",Rounds to 0,No contacts,"1,000 ",Confidential,"2,000 ",Confidential,Confidential,"1,000 ","1,000 ",
E06000026,Plymouth,Unitary Authority,"261,000 ","240,000 ","10,000 ","1,000 ","1,000 ","1,000 ","3,000 ","2,000 ",No contacts,No contacts,"1,000 ",No contacts,
E06000029,Poole,Unitary Authority,"151,000 ","133,000 ","10,000 ","1,000 ",Rounds to 0,"2,000 ","1,000 ","2,000 ",Confidential,"1,000 ",Confidential,Rounds to 0,
E06000025,South Gloucestershire,Unitary Authority,"284,000 ","260,000 ","10,000 ",Rounds to 0,"2,000 ","3,000 ","1,000 ","5,000 ",Confidential,"1,000 ","1,000 ","1,000 ",
E06000030,Swindon,Unitary Authority,"223,000 ","187,000 ","12,000 ","1,000 ","1,000 ","13,000 ",Confidential,"3,000 ","1,000 ","1,000 ","1,000 ","2,000 ",
E06000027,Torbay,Unitary Authority,"134,000 ","125,000 ","5,000 ",No contacts,Rounds to 0,Rounds to 0,Rounds to 0,"1,000 ",Confidential,Rounds to 0,No contacts,Rounds to 0,
E06000054,Wiltshire [Note 19],Unitary Authority,"496,000 ","464,000 ","16,000 ","1,000 ",Confidential,"1,000 ","3,000 ","5,000 ",Confidential,"2,000 ","1,000 ","1,000 ",
E10000008,Devon,County,"784,000 ","734,000 ","19,000 ","2,000 ","3,000 ","7,000 ","4,000 ","4,000 ",Confidential,"3,000 ","2,000 ",Confidential,
E07000040,East Devon,Non-metropolitan District,"143,000 ","135,000 ","4,000 ",Confidential,Confidential,"1,000 ","2,000 ",No contacts,Confidential,Confidential,No contacts,Confidential,
E07000041,Exeter,Non-metropolitan District,"130,000 ","118,000 ","5,000 ","1,000 ","1,000 ",Confidential,"1,000 ",Confidential,No contacts,Confidential,"1,000 ",No contacts,
E07000042,Mid Devon,Non-metropolitan District,"80,000 ","77,000 ","3,000 ",No contacts,No contacts,No contacts,Confidential,Confidential,No contacts,No contacts,Confidential,No contacts,
E07000043,North Devon,Non-metropolitan District,"93,000 ","85,000 ","2,000 ",No contacts,No contacts,Confidential,No contacts,"1,000 ",No contacts,Confidential,No contacts,No contacts,
E07000044,South Hams,Non-metropolitan District,"84,000 ","81,000 ","1,000 ",No contacts,No contacts,"3,000 ",No contacts,No contacts,No contacts,No contacts,No contacts,No contacts,
E07000045,Teignbridge,Non-metropolitan District,"131,000 ","122,000 ","3,000 ",No contacts,Confidential,"2,000 ","1,000 ","1,000 ",Confidential,Confidential,No contacts,No contacts,
E07000046,Torridge,Non-metropolitan District,"68,000 ","65,000 ","2,000 ",No contacts,No contacts,No contacts,No contacts,Confidential,No contacts,No contacts,Confidential,Confidential,
E07000047,West Devon,Non-metropolitan District,"54,000 ","52,000 ",Confidential,No contacts,Confidential,No contacts,Confidential,No contacts,No contacts,No contacts,No contacts,No contacts,
E10000009,Dorset,County,"420,000 ","391,000 ","10,000 ","2,000 ",Confidential,"2,000 ","2,000 ","5,000 ",Confidential,"2,000 ","1,000 ","2,000 ",
E07000048,Christchurch,Non-metropolitan District,"50,000 ","42,000 ",Confidential,Confidential,Confidential,"1,000 ",Confidential,"3,000 ",No contacts,Confidential,"1,000 ",No contacts,
E07000049,East Dorset,Non-metropolitan District,"89,000 ","85,000 ","2,000 ",Confidential,No contacts,Confidential,Confidential,Confidential,Confidential,Confidential,No contacts,No contacts,
E07000050,North Dorset,Non-metropolitan District,"69,000 ","65,000 ","2,000 ",Confidential,No contacts,No contacts,Confidential,"1,000 ",No contacts,Confidential,No contacts,No contacts,
E07000051,Purbeck,Non-metropolitan District,"46,000 ","42,000 ",Confidential,No contacts,No contacts,Confidential,No contacts,Confidential,No contacts,Confidential,Confidential,Confidential,
E07000052,West Dorset,Non-metropolitan District,"100,000 ","94,000 ","3,000 ",Confidential,Confidential,No contacts,"1,000 ",Confidential,No contacts,Confidential,No contacts,Confidential,
E07000053,Weymouth and Portland,Non-metropolitan District,"64,000 ","62,000 ","1,000 ",Confidential,No contacts,No contacts,Confidential,Confidential,No contacts,No contacts,No contacts,Confidential,
E10000013,Gloucestershire,County,"631,000 ","583,000 ","20,000 ",Confidential,"2,000 ","5,000 ","6,000 ","5,000 ",No contacts,"3,000 ","2,000 ","2,000 ",
E07000078,Cheltenham,Non-metropolitan District,"116,000 ","101,000 ","5,000 ",Confidential,Confidential,"2,000 ","2,000 ","3,000 ",No contacts,Confidential,Confidential,Confidential,
E07000079,Cotswold,Non-metropolitan District,"87,000 ","81,000 ","2,000 ",No contacts,"1,000 ",No contacts,No contacts,"1,000 ",No contacts,Confidential,Confidential,"1,000 ",
E07000080,Forest of Dean,Non-metropolitan District,"86,000 ","83,000 ","1,000 ",No contacts,No contacts,Confidential,No contacts,No contacts,No contacts,Confidential,No contacts,No contacts,
E07000081,Gloucester,Non-metropolitan District,"132,000 ","120,000 ","5,000 ",No contacts,No contacts,Confidential,"3,000 ",Confidential,No contacts,No contacts,Confidential,No contacts,
E07000082,Stroud,Non-metropolitan District,"120,000 ","115,000 ","2,000 ",No contacts,Confidential,Confidential,Confidential,"1,000 ",No contacts,"1,000 ",No contacts,Confidential,
E07000083,Tewkesbury,Non-metropolitan District,"92,000 ","84,000 ","5,000 ",No contacts,Confidential,Confidential,"2,000 ",No contacts,No contacts,Confidential,No contacts,No contacts,
E10000027,Somerset,County,"552,000 ","507,000 ","27,000 ",No contacts,"3,000 ","4,000 ","3,000 ","3,000 ",No contacts,"1,000 ","1,000 ","2,000 ",
E07000187,Mendip,Non-metropolitan District,"113,000 ","105,000 ","3,000 ",No contacts,Confidential,Confidential,"1,000 ",Confidential,No contacts,No contacts,Confidential,Confidential,
E07000188,Sedgemoor,Non-metropolitan District,"124,000 ","113,000 ","8,000 ",No contacts,"2,000 ",No contacts,No contacts,Confidential,No contacts,No contacts,Confidential,Confidential,
E07000189,South Somerset,Non-metropolitan District,"166,000 ","150,000 ","8,000 ",No contacts,Confidential,"3,000 ","1,000 ","1,000 ",No contacts,Confidential,Confidential,Confidential,
E07000190,Taunton Deane,Non-metropolitan District,"117,000 ","108,000 ","7,000 ",No contacts,No contacts,No contacts,Confidential,"1,000 ",No contacts,No contacts,No contacts,Confidential,
E07000191,West Somerset,Non-metropolitan District,"33,000 ","31,000 ","2,000 ",No contacts,No contacts,No contacts,No contacts,Confidential,No contacts,Confidential,No contacts,No contacts,
W92000004,WALES,Country,"3,120,000 ","2,932,000 ","81,000 ","13,000 ","6,000 ","27,000 ","15,000 ","19,000 ","3,000 ","7,000 ","5,000 ","7,000 ",
W06000001,Isle of Anglesey / Ynys Môn,Unitary Authority,"69,000 ","67,000 ","1,000 ",No contacts,No contacts,Confidential,Rounds to 0,Rounds to 0,No contacts,Confidential,Confidential,Rounds to 0,
W06000002,Gwynedd / Gwynedd,Unitary Authority,"123,000 ","120,000 ","1,000 ",No contacts,Rounds to 0,"1,000 ",Confidential,Confidential,No contacts,Confidential,No contacts,Confidential,
W06000003,Conwy / Conwy,Unitary Authority,"115,000 ","108,000 ","3,000 ",Rounds to 0,Confidential,Confidential,"1,000 ",Rounds to 0,No contacts,"1,000 ",Confidential,"1,000 ",
W06000004,Denbighshire / Sir Ddinbych,Unitary Authority,"95,000 ","90,000 ","2,000 ",No contacts,Confidential,"1,000 ","1,000 ",Rounds to 0,Confidential,Rounds to 0,Confidential,Rounds to 0,
W06000005,Flintshire / Sir y Fflint,Unitary Authority,"155,000 ","147,000 ","5,000 ",Confidential,Confidential,Confidential,Rounds to 0,"1,000 ",No contacts,Confidential,No contacts,"1,000 ",
W06000006,Wrexham / Wrecsam,Unitary Authority,"140,000 ","131,000 ","6,000 ",Confidential,No contacts,"1,000 ",Confidential,Confidential,Confidential,Confidential,Confidential,No contacts,
W06000023,Powys / Powys,Unitary Authority,"130,000 ","125,000 ","2,000 ",No contacts,No contacts,"1,000 ",Rounds to 0,"1,000 ",No contacts,Confidential,"1,000 ",Rounds to 0,
W06000008,Ceredigion / Ceredigion,Unitary Authority,"76,000 ","71,000 ","2,000 ",Confidential,Confidential,"1,000 ","1,000 ",Confidential,No contacts,Rounds to 0,No contacts,Rounds to 0,
W06000009,Pembrokeshire / Sir Benfro,Unitary Authority,"122,000 ","117,000 ","2,000 ",No contacts,Confidential,"1,000 ","1,000 ",Rounds to 0,Confidential,Rounds to 0,Rounds to 0,Confidential,
W06000010,Carmarthenshire / Sir Gaerfyrddin,Unitary Authority,"185,000 ","179,000 ","2,000 ",Confidential,Confidential,"1,000 ","2,000 ","1,000 ",No contacts,Confidential,Confidential,Confidential,
W06000011,Swansea / Abertawe,Unitary Authority,"245,000 ","225,000 ","8,000 ","3,000 ","1,000 ","3,000 ",Confidential,"3,000 ",Confidential,Confidential,"1,000 ",Confidential,
W06000012,Neath Port Talbot / Castell-nedd Port Talbot,Unitary Authority,"141,000 ","138,000 ","1,000 ",Confidential,Confidential,No contacts,"1,000 ",Confidential,No contacts,Confidential,Confidential,Confidential,
W06000013,Bridgend / Pen-y-bont ar Ogwr,Unitary Authority,"142,000 ","138,000 ","2,000 ",Confidential,No contacts,Confidential,Rounds to 0,"1,000 ",No contacts,Confidential,Rounds to 0,"1,000 ",
W06000014,Vale of Glamorgan / Bro Morgannwg,Unitary Authority,"127,000 ","120,000 ","3,000 ",Confidential,No contacts,"1,000 ","1,000 ",Confidential,No contacts,Rounds to 0,Confidential,"1,000 ",
W06000015,Cardiff / Caerdydd,Unitary Authority,"373,000 ","322,000 ","18,000 ","8,000 ","3,000 ","9,000 ","4,000 ","5,000 ","2,000 ","1,000 ",Confidential,Confidential,
W06000016,Rhondda Cynon Taf / Rhondda Cynon Taf,Unitary Authority,"239,000 ","225,000 ","7,000 ",No contacts,No contacts,"2,000 ","1,000 ","1,000 ",No contacts,"2,000 ",Confidential,Confidential,
W06000024,Merthyr Tydfil / Merthyr Tudful,Unitary Authority,"59,000 ","56,000 ","2,000 ",No contacts,Confidential,No contacts,No contacts,Confidential,Rounds to 0,Confidential,Confidential,No contacts,
W06000018,Caerphilly / Caerffili,Unitary Authority,"181,000 ","177,000 ","2,000 ",No contacts,Confidential,"1,000 ",Confidential,Rounds to 0,No contacts,Confidential,Confidential,Confidential,
W06000019,Blaenau Gwent / Blaenau Gwent,Unitary Authority,"69,000 ","67,000 ","1,000 ",No contacts,No contacts,Confidential,No contacts,Rounds to 0,Confidential,No contacts,No contacts,No contacts,
W06000020,Torfaen / Torfaen,Unitary Authority,"92,000 ","89,000 ","1,000 ",No contacts,Confidential,"1,000 ",Confidential,Confidential,No contacts,Confidential,No contacts,Confidential,
W06000021,Monmouthshire / Sir Fynwy,Unitary Authority,"92,000 ","87,000 ","2,000 ",Confidential,Rounds to 0,"1,000 ",Rounds to 0,"1,000 ",Confidential,Confidential,Confidential,Confidential,
W06000022,Newport / Casnewydd,Unitary Authority,"150,000 ","134,000 ","6,000 ",No contacts,"1,000 ","4,000 ","1,000 ","2,000 ",Confidential,Confidential,"1,000 ",Confidential,
S92000003,SCOTLAND,Country,"5,394,000 ","4,869,000 ","258,000 ","28,000 ","14,000 ","52,000 ","25,000 ","58,000 ","12,000 ","36,000 ","13,000 ","16,000 ",
N92000002,NORTHERN IRELAND,Country,"1,869,000 ","1,723,000 ","88,000 ","4,000 ","5,000 ","9,000 ","8,000 ","11,000 ",Confidential,"7,000 ","3,000 ","3,000 ",
,,,,,,,,,,,,,,,
,,,,,,,,,,,,,,,
,,,,,,,,,,,,,,,
,,,,,,,,,,,,,,,
,,,,,,,,,,,,,,,
,,,,,,,,,,,,,,,
,,,,,,,,,,,,,,,
,,,,,,,,,,,,,,,
,,,,,,,,,,,,,,,
,,,,,,,,,,,,,,,
,,,,,,,,,,,,,,,
,,,,,,,,,,,,,,,
,,,,,,,,,,,,,,,
,,,,,,,,,,,,,,,
